Category,SalesChannel,orders,units,gross_sales,net_sales,avg_order_value,return_rate,sales_share,returned_sales,risk_level
Home & Garden,Mobile App,99,315,115987.45,42018.22,1171.5904,0.5758,0.0906,73969.23,High
Electronics,Website,107,337,129756.2,56530.34,1212.6748,0.5514,0.1013,73225.86,High
Fashion,Website,112,344,161321.82,77717.1,1440.3734,0.5446,0.126,83604.72,High
Home & Garden,Website,104,323,132400.53,67676.99,1273.082,0.5288,0.1034,64723.53999999999,High
Fashion,Mobile App,131,397,167679.44,80006.57,1279.9957,0.5191,0.1309,87672.87,High
Electronics,Mobile App,108,323,152164.2,73357.93,1408.9278,0.5,0.1188,78806.27000000002,Low
Fashion,In-Store,100,296,122213.24,67706.46,1222.1324,0.5,0.0954,54506.78,Low
Electronics,In-Store,121,383,158549.84,84265.48,1310.3293,0.4876,0.1238,74284.36,Low
Home & Garden,In-Store,118,351,140672.83,87763.44,1192.1426,0.4492,0.1098,52909.389999999985,Low
