CustomerID,orders,units,gross_sales,net_sales,avg_order_value,return_rate,sales_share
383,4,18,12157.31,8728.86,3039.3275,0.25,0.0095
205,4,16,9065.55,8579.15,2266.3875,0.25,0.0071
466,8,27,10623.11,8008.91,1327.8888,0.5,0.0083
141,4,19,10253.65,7429.05,2563.4125,0.25,0.008
9,5,18,8867.89,6722.23,1773.578,0.4,0.0069
160,5,20,9912.24,6425.24,1982.448,0.4,0.0077
157,5,17,11836.95,6304.27,2367.39,0.6,0.0092
40,4,16,8046.5,6204.82,2011.625,0.25,0.0063
307,3,10,6136.78,6136.78,2045.5933,0.0,0.0048
359,2,10,5710.8,5710.8,2855.4,0.0,0.0045
